{
	"BUILD_DIR" : "/home/usuario/robocomp/components/P1Grupo6/Practica3/obs_person_tracker/src/obs_person_tracker_autogen",
	"CMAKE_BINARY_DIR" : "/home/usuario/robocomp/components/P1Grupo6/Practica3/obs_person_tracker",
	"CMAKE_CURRENT_BINARY_DIR" : "/home/usuario/robocomp/components/P1Grupo6/Practica3/obs_person_tracker/src",
	"CMAKE_CURRENT_SOURCE_DIR" : "/home/usuario/robocomp/components/P1Grupo6/Practica3/obs_person_tracker/src",
	"CMAKE_EXECUTABLE" : "/usr/bin/cmake",
	"CMAKE_LIST_FILES" : 
	[
		"/home/usuario/robocomp/components/P1Grupo6/Practica3/obs_person_tracker/src/CMakeLists.txt",
		"/home/robocomp/robocomp/cmake/robocomp.cmake",
		"/home/robocomp/robocomp/cmake/modules/qt.cmake",
		"/usr/lib/x86_64-linux-gnu/cmake/Qt6/Qt6ConfigVersion.cmake",
		"/usr/lib/x86_64-linux-gnu/cmake/Qt6/Qt6ConfigVersionImpl.cmake",
		"/usr/lib/x86_64-linux-gnu/cmake/Qt6/Qt6Config.cmake",
		"/usr/lib/x86_64-linux-gnu/cmake/Qt6/Qt6ConfigExtras.cmake",
		"/usr/lib/x86_64-linux-gnu/cmake/Qt6/QtPublicCMakeVersionHelpers.cmake",
		"/usr/lib/x86_64-linux-gnu/cmake/Qt6/Qt6Targets.cmake",
		"/usr/lib/x86_64-linux-gnu/cmake/Qt6/Qt6VersionlessTargets.cmake",
		"/usr/lib/x86_64-linux-gnu/cmake/Qt6/QtFeature.cmake",
		"/usr/lib/x86_64-linux-gnu/cmake/Qt6/QtFeatureCommon.cmake",
		"/usr/share/cmake-3.22/Modules/CheckCXXCompilerFlag.cmake",
		"/usr/share/cmake-3.22/Modules/CheckCXXSourceCompiles.cmake",
		"/usr/share/cmake-3.22/Modules/Internal/CheckSourceCompiles.cmake",
		"/usr/share/cmake-3.22/Modules/Internal/CheckCompilerFlag.cmake",
		"/usr/share/cmake-3.22/Modules/Internal/CheckSourceCompiles.cmake",
		"/usr/share/cmake-3.22/Modules/CMakeCheckCompilerFlagCommonPatterns.cmake",
		"/usr/lib/x86_64-linux-gnu/cmake/Qt6/QtPublicFinalizerHelpers.cmake",
		"/usr/lib/x86_64-linux-gnu/cmake/Qt6/QtPublicPluginHelpers.cmake",
		"/usr/lib/x86_64-linux-gnu/cmake/Qt6/QtPublicTargetHelpers.cmake",
		"/usr/lib/x86_64-linux-gnu/cmake/Qt6/QtPublicWalkLibsHelpers.cmake",
		"/usr/lib/x86_64-linux-gnu/cmake/Qt6/QtPublicFindPackageHelpers.cmake",
		"/usr/lib/x86_64-linux-gnu/cmake/Qt6/QtPublicDependencyHelpers.cmake",
		"/usr/lib/x86_64-linux-gnu/cmake/Qt6/QtPublicCMakeHelpers.cmake",
		"/usr/share/cmake-3.22/Modules/CMakeFindDependencyMacro.cmake",
		"/usr/lib/x86_64-linux-gnu/cmake/Qt6/Qt6Dependencies.cmake",
		"/usr/share/cmake-3.22/Modules/FindThreads.cmake",
		"/usr/share/cmake-3.22/Modules/CheckLibraryExists.cmake",
		"/usr/share/cmake-3.22/Modules/CheckIncludeFile.cmake",
		"/usr/share/cmake-3.22/Modules/CheckCSourceCompiles.cmake",
		"/usr/share/cmake-3.22/Modules/Internal/CheckSourceCompiles.cmake",
		"/usr/share/cmake-3.22/Modules/FindPackageHandleStandardArgs.cmake",
		"/usr/share/cmake-3.22/Modules/FindPackageMessage.cmake",
		"/usr/lib/x86_64-linux-gnu/cmake/Qt6Core/Qt6CoreConfigVersion.cmake",
		"/usr/lib/x86_64-linux-gnu/cmake/Qt6Core/Qt6CoreConfigVersionImpl.cmake",
		"/usr/lib/x86_64-linux-gnu/cmake/Qt6Core/Qt6CoreConfig.cmake",
		"/usr/share/cmake-3.22/Modules/CMakeFindDependencyMacro.cmake",
		"/usr/lib/x86_64-linux-gnu/cmake/Qt6Core/Qt6CoreDependencies.cmake",
		"/usr/lib/x86_64-linux-gnu/cmake/Qt6/Qt6ConfigVersion.cmake",
		"/usr/lib/x86_64-linux-gnu/cmake/Qt6/Qt6ConfigVersionImpl.cmake",
		"/usr/lib/x86_64-linux-gnu/cmake/Qt6/Qt6Config.cmake",
		"/usr/lib/x86_64-linux-gnu/cmake/Qt6/Qt6ConfigExtras.cmake",
		"/usr/lib/x86_64-linux-gnu/cmake/Qt6/QtPublicCMakeVersionHelpers.cmake",
		"/usr/lib/x86_64-linux-gnu/cmake/Qt6/Qt6Targets.cmake",
		"/usr/lib/x86_64-linux-gnu/cmake/Qt6/Qt6VersionlessTargets.cmake",
		"/usr/lib/x86_64-linux-gnu/cmake/Qt6/QtFeature.cmake",
		"/usr/lib/x86_64-linux-gnu/cmake/Qt6/QtFeatureCommon.cmake",
		"/usr/share/cmake-3.22/Modules/CheckCXXCompilerFlag.cmake",
		"/usr/lib/x86_64-linux-gnu/cmake/Qt6/QtPublicFinalizerHelpers.cmake",
		"/usr/lib/x86_64-linux-gnu/cmake/Qt6/QtPublicPluginHelpers.cmake",
		"/usr/lib/x86_64-linux-gnu/cmake/Qt6/QtPublicTargetHelpers.cmake",
		"/usr/lib/x86_64-linux-gnu/cmake/Qt6/QtPublicWalkLibsHelpers.cmake",
		"/usr/lib/x86_64-linux-gnu/cmake/Qt6/QtPublicFindPackageHelpers.cmake",
		"/usr/lib/x86_64-linux-gnu/cmake/Qt6/QtPublicDependencyHelpers.cmake",
		"/usr/lib/x86_64-linux-gnu/cmake/Qt6/QtPublicCMakeHelpers.cmake",
		"/usr/share/cmake-3.22/Modules/CMakeFindDependencyMacro.cmake",
		"/usr/lib/x86_64-linux-gnu/cmake/Qt6/Qt6Dependencies.cmake",
		"/usr/share/cmake-3.22/Modules/FindThreads.cmake",
		"/usr/share/cmake-3.22/Modules/CheckLibraryExists.cmake",
		"/usr/share/cmake-3.22/Modules/CheckIncludeFile.cmake",
		"/usr/share/cmake-3.22/Modules/CheckCSourceCompiles.cmake",
		"/usr/share/cmake-3.22/Modules/FindPackageHandleStandardArgs.cmake",
		"/usr/share/cmake-3.22/Modules/FindPackageMessage.cmake",
		"/usr/lib/x86_64-linux-gnu/cmake/Qt6/FindWrapAtomic.cmake",
		"/usr/share/cmake-3.22/Modules/CheckCXXSourceCompiles.cmake",
		"/usr/share/cmake-3.22/Modules/FindPackageHandleStandardArgs.cmake",
		"/usr/share/cmake-3.22/Modules/FindPackageMessage.cmake",
		"/usr/lib/x86_64-linux-gnu/cmake/Qt6CoreTools/Qt6CoreToolsConfigVersion.cmake",
		"/usr/lib/x86_64-linux-gnu/cmake/Qt6CoreTools/Qt6CoreToolsConfigVersionImpl.cmake",
		"/usr/lib/x86_64-linux-gnu/cmake/Qt6CoreTools/Qt6CoreToolsConfig.cmake",
		"/usr/share/cmake-3.22/Modules/CMakeFindDependencyMacro.cmake",
		"/usr/lib/x86_64-linux-gnu/cmake/Qt6CoreTools/Qt6CoreToolsDependencies.cmake",
		"/usr/lib/x86_64-linux-gnu/cmake/Qt6CoreTools/Qt6CoreToolsTargets.cmake",
		"/usr/lib/x86_64-linux-gnu/cmake/Qt6CoreTools/Qt6CoreToolsTargets-none.cmake",
		"/usr/lib/x86_64-linux-gnu/cmake/Qt6CoreTools/Qt6CoreToolsAdditionalTargetInfo.cmake",
		"/usr/lib/x86_64-linux-gnu/cmake/Qt6CoreTools/Qt6CoreToolsVersionlessTargets.cmake",
		"/usr/lib/x86_64-linux-gnu/cmake/Qt6Core/Qt6CoreTargets.cmake",
		"/usr/lib/x86_64-linux-gnu/cmake/Qt6Core/Qt6CoreTargets-none.cmake",
		"/usr/lib/x86_64-linux-gnu/cmake/Qt6Core/Qt6CoreAdditionalTargetInfo.cmake",
		"/usr/lib/x86_64-linux-gnu/cmake/Qt6Core/Qt6CoreVersionlessTargets.cmake",
		"/usr/lib/x86_64-linux-gnu/cmake/Qt6Core/Qt6CoreMacros.cmake",
		"/usr/share/cmake-3.22/Modules/CMakeParseArguments.cmake",
		"/usr/lib/x86_64-linux-gnu/cmake/Qt6Core/Qt6CoreConfigExtras.cmake",
		"/usr/lib/x86_64-linux-gnu/cmake/Qt6/Qt6ConfigVersion.cmake",
		"/usr/lib/x86_64-linux-gnu/cmake/Qt6/Qt6ConfigVersionImpl.cmake",
		"/usr/lib/x86_64-linux-gnu/cmake/Qt6/Qt6Config.cmake",
		"/usr/lib/x86_64-linux-gnu/cmake/Qt6/Qt6ConfigExtras.cmake",
		"/usr/lib/x86_64-linux-gnu/cmake/Qt6/QtPublicCMakeVersionHelpers.cmake",
		"/usr/lib/x86_64-linux-gnu/cmake/Qt6/Qt6Targets.cmake",
		"/usr/lib/x86_64-linux-gnu/cmake/Qt6/Qt6VersionlessTargets.cmake",
		"/usr/lib/x86_64-linux-gnu/cmake/Qt6/QtFeature.cmake",
		"/usr/lib/x86_64-linux-gnu/cmake/Qt6/QtFeatureCommon.cmake",
		"/usr/share/cmake-3.22/Modules/CheckCXXCompilerFlag.cmake",
		"/usr/lib/x86_64-linux-gnu/cmake/Qt6/QtPublicFinalizerHelpers.cmake",
		"/usr/lib/x86_64-linux-gnu/cmake/Qt6/QtPublicPluginHelpers.cmake",
		"/usr/lib/x86_64-linux-gnu/cmake/Qt6/QtPublicTargetHelpers.cmake",
		"/usr/lib/x86_64-linux-gnu/cmake/Qt6/QtPublicWalkLibsHelpers.cmake",
		"/usr/lib/x86_64-linux-gnu/cmake/Qt6/QtPublicFindPackageHelpers.cmake",
		"/usr/lib/x86_64-linux-gnu/cmake/Qt6/QtPublicDependencyHelpers.cmake",
		"/usr/lib/x86_64-linux-gnu/cmake/Qt6/QtPublicCMakeHelpers.cmake",
		"/usr/share/cmake-3.22/Modules/CMakeFindDependencyMacro.cmake",
		"/usr/lib/x86_64-linux-gnu/cmake/Qt6/Qt6Dependencies.cmake",
		"/usr/share/cmake-3.22/Modules/FindThreads.cmake",
		"/usr/share/cmake-3.22/Modules/CheckLibraryExists.cmake",
		"/usr/share/cmake-3.22/Modules/CheckIncludeFile.cmake",
		"/usr/share/cmake-3.22/Modules/CheckCSourceCompiles.cmake",
		"/usr/share/cmake-3.22/Modules/FindPackageHandleStandardArgs.cmake",
		"/usr/share/cmake-3.22/Modules/FindPackageMessage.cmake",
		"/usr/lib/x86_64-linux-gnu/cmake/Qt6Gui/Qt6GuiConfigVersion.cmake",
		"/usr/lib/x86_64-linux-gnu/cmake/Qt6Gui/Qt6GuiConfigVersionImpl.cmake",
		"/usr/lib/x86_64-linux-gnu/cmake/Qt6Gui/Qt6GuiConfig.cmake",
		"/usr/share/cmake-3.22/Modules/CMakeFindDependencyMacro.cmake",
		"/usr/lib/x86_64-linux-gnu/cmake/Qt6Gui/Qt6GuiDependencies.cmake",
		"/usr/lib/x86_64-linux-gnu/cmake/Qt6/Qt6ConfigVersion.cmake",
		"/usr/lib/x86_64-linux-gnu/cmake/Qt6/Qt6ConfigVersionImpl.cmake",
		"/usr/lib/x86_64-linux-gnu/cmake/Qt6/Qt6Config.cmake",
		"/usr/lib/x86_64-linux-gnu/cmake/Qt6/Qt6ConfigExtras.cmake",
		"/usr/lib/x86_64-linux-gnu/cmake/Qt6/QtPublicCMakeVersionHelpers.cmake",
		"/usr/lib/x86_64-linux-gnu/cmake/Qt6/Qt6Targets.cmake",
		"/usr/lib/x86_64-linux-gnu/cmake/Qt6/Qt6VersionlessTargets.cmake",
		"/usr/lib/x86_64-linux-gnu/cmake/Qt6/QtFeature.cmake",
		"/usr/lib/x86_64-linux-gnu/cmake/Qt6/QtFeatureCommon.cmake",
		"/usr/share/cmake-3.22/Modules/CheckCXXCompilerFlag.cmake",
		"/usr/lib/x86_64-linux-gnu/cmake/Qt6/QtPublicFinalizerHelpers.cmake",
		"/usr/lib/x86_64-linux-gnu/cmake/Qt6/QtPublicPluginHelpers.cmake",
		"/usr/lib/x86_64-linux-gnu/cmake/Qt6/QtPublicTargetHelpers.cmake",
		"/usr/lib/x86_64-linux-gnu/cmake/Qt6/QtPublicWalkLibsHelpers.cmake",
		"/usr/lib/x86_64-linux-gnu/cmake/Qt6/QtPublicFindPackageHelpers.cmake",
		"/usr/lib/x86_64-linux-gnu/cmake/Qt6/QtPublicDependencyHelpers.cmake",
		"/usr/lib/x86_64-linux-gnu/cmake/Qt6/QtPublicCMakeHelpers.cmake",
		"/usr/share/cmake-3.22/Modules/CMakeFindDependencyMacro.cmake",
		"/usr/lib/x86_64-linux-gnu/cmake/Qt6/Qt6Dependencies.cmake",
		"/usr/share/cmake-3.22/Modules/FindThreads.cmake",
		"/usr/share/cmake-3.22/Modules/CheckLibraryExists.cmake",
		"/usr/share/cmake-3.22/Modules/CheckIncludeFile.cmake",
		"/usr/share/cmake-3.22/Modules/CheckCSourceCompiles.cmake",
		"/usr/share/cmake-3.22/Modules/FindPackageHandleStandardArgs.cmake",
		"/usr/share/cmake-3.22/Modules/FindPackageMessage.cmake",
		"/usr/lib/x86_64-linux-gnu/cmake/Qt6/FindWrapOpenGL.cmake",
		"/usr/share/cmake-3.22/Modules/FindOpenGL.cmake",
		"/usr/share/cmake-3.22/Modules/FindPackageHandleStandardArgs.cmake",
		"/usr/share/cmake-3.22/Modules/FindPackageMessage.cmake",
		"/usr/share/cmake-3.22/Modules/FindPackageHandleStandardArgs.cmake",
		"/usr/share/cmake-3.22/Modules/FindPackageMessage.cmake",
		"/usr/lib/x86_64-linux-gnu/cmake/Qt6/3rdparty/kwin/FindXKB.cmake",
		"/usr/share/cmake-3.22/Modules/FindPkgConfig.cmake",
		"/usr/share/cmake-3.22/Modules/FindPackageHandleStandardArgs.cmake",
		"/usr/share/cmake-3.22/Modules/FindPackageMessage.cmake",
		"/usr/share/cmake-3.22/Modules/FindPackageHandleStandardArgs.cmake",
		"/usr/share/cmake-3.22/Modules/FindPackageMessage.cmake",
		"/usr/share/cmake-3.22/Modules/FeatureSummary.cmake",
		"/usr/lib/x86_64-linux-gnu/cmake/Qt6/FindWrapVulkanHeaders.cmake",
		"/usr/share/cmake-3.22/Modules/FindVulkan.cmake",
		"/usr/share/cmake-3.22/Modules/FindPackageHandleStandardArgs.cmake",
		"/usr/share/cmake-3.22/Modules/FindPackageMessage.cmake",
		"/usr/share/cmake-3.22/Modules/FindPackageHandleStandardArgs.cmake",
		"/usr/share/cmake-3.22/Modules/FindPackageMessage.cmake",
		"/usr/lib/x86_64-linux-gnu/cmake/Qt6GuiTools/Qt6GuiToolsConfigVersion.cmake",
		"/usr/lib/x86_64-linux-gnu/cmake/Qt6GuiTools/Qt6GuiToolsConfigVersionImpl.cmake",
		"/usr/lib/x86_64-linux-gnu/cmake/Qt6GuiTools/Qt6GuiToolsConfig.cmake",
		"/usr/share/cmake-3.22/Modules/CMakeFindDependencyMacro.cmake",
		"/usr/lib/x86_64-linux-gnu/cmake/Qt6GuiTools/Qt6GuiToolsDependencies.cmake",
		"/usr/lib/x86_64-linux-gnu/cmake/Qt6GuiTools/Qt6GuiToolsTargets.cmake",
		"/usr/lib/x86_64-linux-gnu/cmake/Qt6GuiTools/Qt6GuiToolsTargets-none.cmake",
		"/usr/lib/x86_64-linux-gnu/cmake/Qt6GuiTools/Qt6GuiToolsAdditionalTargetInfo.cmake",
		"/usr/lib/x86_64-linux-gnu/cmake/Qt6GuiTools/Qt6GuiToolsVersionlessTargets.cmake",
		"/usr/lib/x86_64-linux-gnu/cmake/Qt6DBus/Qt6DBusConfigVersion.cmake",
		"/usr/lib/x86_64-linux-gnu/cmake/Qt6DBus/Qt6DBusConfigVersionImpl.cmake",
		"/usr/lib/x86_64-linux-gnu/cmake/Qt6DBus/Qt6DBusConfig.cmake",
		"/usr/share/cmake-3.22/Modules/CMakeFindDependencyMacro.cmake",
		"/usr/lib/x86_64-linux-gnu/cmake/Qt6DBus/Qt6DBusDependencies.cmake",
		"/usr/lib/x86_64-linux-gnu/cmake/Qt6/Qt6ConfigVersion.cmake",
		"/usr/lib/x86_64-linux-gnu/cmake/Qt6/Qt6ConfigVersionImpl.cmake",
		"/usr/lib/x86_64-linux-gnu/cmake/Qt6/Qt6Config.cmake",
		"/usr/lib/x86_64-linux-gnu/cmake/Qt6/Qt6ConfigExtras.cmake",
		"/usr/lib/x86_64-linux-gnu/cmake/Qt6/QtPublicCMakeVersionHelpers.cmake",
		"/usr/lib/x86_64-linux-gnu/cmake/Qt6/Qt6Targets.cmake",
		"/usr/lib/x86_64-linux-gnu/cmake/Qt6/Qt6VersionlessTargets.cmake",
		"/usr/lib/x86_64-linux-gnu/cmake/Qt6/QtFeature.cmake",
		"/usr/lib/x86_64-linux-gnu/cmake/Qt6/QtFeatureCommon.cmake",
		"/usr/share/cmake-3.22/Modules/CheckCXXCompilerFlag.cmake",
		"/usr/lib/x86_64-linux-gnu/cmake/Qt6/QtPublicFinalizerHelpers.cmake",
		"/usr/lib/x86_64-linux-gnu/cmake/Qt6/QtPublicPluginHelpers.cmake",
		"/usr/lib/x86_64-linux-gnu/cmake/Qt6/QtPublicTargetHelpers.cmake",
		"/usr/lib/x86_64-linux-gnu/cmake/Qt6/QtPublicWalkLibsHelpers.cmake",
		"/usr/lib/x86_64-linux-gnu/cmake/Qt6/QtPublicFindPackageHelpers.cmake",
		"/usr/lib/x86_64-linux-gnu/cmake/Qt6/QtPublicDependencyHelpers.cmake",
		"/usr/lib/x86_64-linux-gnu/cmake/Qt6/QtPublicCMakeHelpers.cmake",
		"/usr/share/cmake-3.22/Modules/CMakeFindDependencyMacro.cmake",
		"/usr/lib/x86_64-linux-gnu/cmake/Qt6/Qt6Dependencies.cmake",
		"/usr/share/cmake-3.22/Modules/FindThreads.cmake",
		"/usr/share/cmake-3.22/Modules/CheckLibraryExists.cmake",
		"/usr/share/cmake-3.22/Modules/CheckIncludeFile.cmake",
		"/usr/share/cmake-3.22/Modules/CheckCSourceCompiles.cmake",
		"/usr/share/cmake-3.22/Modules/FindPackageHandleStandardArgs.cmake",
		"/usr/share/cmake-3.22/Modules/FindPackageMessage.cmake",
		"/usr/lib/x86_64-linux-gnu/cmake/Qt6DBusTools/Qt6DBusToolsConfigVersion.cmake",
		"/usr/lib/x86_64-linux-gnu/cmake/Qt6DBusTools/Qt6DBusToolsConfigVersionImpl.cmake",
		"/usr/lib/x86_64-linux-gnu/cmake/Qt6DBusTools/Qt6DBusToolsConfig.cmake",
		"/usr/share/cmake-3.22/Modules/CMakeFindDependencyMacro.cmake",
		"/usr/lib/x86_64-linux-gnu/cmake/Qt6DBusTools/Qt6DBusToolsDependencies.cmake",
		"/usr/lib/x86_64-linux-gnu/cmake/Qt6DBusTools/Qt6DBusToolsTargets.cmake",
		"/usr/lib/x86_64-linux-gnu/cmake/Qt6DBusTools/Qt6DBusToolsTargets-none.cmake",
		"/usr/lib/x86_64-linux-gnu/cmake/Qt6DBusTools/Qt6DBusToolsAdditionalTargetInfo.cmake",
		"/usr/lib/x86_64-linux-gnu/cmake/Qt6DBusTools/Qt6DBusToolsVersionlessTargets.cmake",
		"/usr/lib/x86_64-linux-gnu/cmake/Qt6DBus/Qt6DBusTargets.cmake",
		"/usr/lib/x86_64-linux-gnu/cmake/Qt6DBus/Qt6DBusTargets-none.cmake",
		"/usr/lib/x86_64-linux-gnu/cmake/Qt6DBus/Qt6DBusAdditionalTargetInfo.cmake",
		"/usr/lib/x86_64-linux-gnu/cmake/Qt6DBus/Qt6DBusVersionlessTargets.cmake",
		"/usr/lib/x86_64-linux-gnu/cmake/Qt6DBus/Qt6DBusMacros.cmake",
		"/usr/share/cmake-3.22/Modules/MacroAddFileDependencies.cmake",
		"/usr/share/cmake-3.22/Modules/CMakeParseArguments.cmake",
		"/usr/lib/x86_64-linux-gnu/cmake/Qt6Gui/Qt6GuiTargets.cmake",
		"/usr/lib/x86_64-linux-gnu/cmake/Qt6Gui/Qt6GuiTargets-none.cmake",
		"/usr/lib/x86_64-linux-gnu/cmake/Qt6Gui/Qt6GuiAdditionalTargetInfo.cmake",
		"/usr/lib/x86_64-linux-gnu/cmake/Qt6Gui/Qt6GuiVersionlessTargets.cmake",
		"/usr/lib/x86_64-linux-gnu/cmake/Qt6Widgets/Qt6WidgetsConfigVersion.cmake",
		"/usr/lib/x86_64-linux-gnu/cmake/Qt6Widgets/Qt6WidgetsConfigVersionImpl.cmake",
		"/usr/lib/x86_64-linux-gnu/cmake/Qt6Widgets/Qt6WidgetsConfig.cmake",
		"/usr/share/cmake-3.22/Modules/CMakeFindDependencyMacro.cmake",
		"/usr/lib/x86_64-linux-gnu/cmake/Qt6Widgets/Qt6WidgetsDependencies.cmake",
		"/usr/lib/x86_64-linux-gnu/cmake/Qt6/Qt6ConfigVersion.cmake",
		"/usr/lib/x86_64-linux-gnu/cmake/Qt6/Qt6ConfigVersionImpl.cmake",
		"/usr/lib/x86_64-linux-gnu/cmake/Qt6/Qt6Config.cmake",
		"/usr/lib/x86_64-linux-gnu/cmake/Qt6/Qt6ConfigExtras.cmake",
		"/usr/lib/x86_64-linux-gnu/cmake/Qt6/QtPublicCMakeVersionHelpers.cmake",
		"/usr/lib/x86_64-linux-gnu/cmake/Qt6/Qt6Targets.cmake",
		"/usr/lib/x86_64-linux-gnu/cmake/Qt6/Qt6VersionlessTargets.cmake",
		"/usr/lib/x86_64-linux-gnu/cmake/Qt6/QtFeature.cmake",
		"/usr/lib/x86_64-linux-gnu/cmake/Qt6/QtFeatureCommon.cmake",
		"/usr/share/cmake-3.22/Modules/CheckCXXCompilerFlag.cmake",
		"/usr/lib/x86_64-linux-gnu/cmake/Qt6/QtPublicFinalizerHelpers.cmake",
		"/usr/lib/x86_64-linux-gnu/cmake/Qt6/QtPublicPluginHelpers.cmake",
		"/usr/lib/x86_64-linux-gnu/cmake/Qt6/QtPublicTargetHelpers.cmake",
		"/usr/lib/x86_64-linux-gnu/cmake/Qt6/QtPublicWalkLibsHelpers.cmake",
		"/usr/lib/x86_64-linux-gnu/cmake/Qt6/QtPublicFindPackageHelpers.cmake",
		"/usr/lib/x86_64-linux-gnu/cmake/Qt6/QtPublicDependencyHelpers.cmake",
		"/usr/lib/x86_64-linux-gnu/cmake/Qt6/QtPublicCMakeHelpers.cmake",
		"/usr/share/cmake-3.22/Modules/CMakeFindDependencyMacro.cmake",
		"/usr/lib/x86_64-linux-gnu/cmake/Qt6/Qt6Dependencies.cmake",
		"/usr/share/cmake-3.22/Modules/FindThreads.cmake",
		"/usr/share/cmake-3.22/Modules/CheckLibraryExists.cmake",
		"/usr/share/cmake-3.22/Modules/CheckIncludeFile.cmake",
		"/usr/share/cmake-3.22/Modules/CheckCSourceCompiles.cmake",
		"/usr/share/cmake-3.22/Modules/FindPackageHandleStandardArgs.cmake",
		"/usr/share/cmake-3.22/Modules/FindPackageMessage.cmake",
		"/usr/lib/x86_64-linux-gnu/cmake/Qt6WidgetsTools/Qt6WidgetsToolsConfigVersion.cmake",
		"/usr/lib/x86_64-linux-gnu/cmake/Qt6WidgetsTools/Qt6WidgetsToolsConfigVersionImpl.cmake",
		"/usr/lib/x86_64-linux-gnu/cmake/Qt6WidgetsTools/Qt6WidgetsToolsConfig.cmake",
		"/usr/share/cmake-3.22/Modules/CMakeFindDependencyMacro.cmake",
		"/usr/lib/x86_64-linux-gnu/cmake/Qt6WidgetsTools/Qt6WidgetsToolsDependencies.cmake",
		"/usr/lib/x86_64-linux-gnu/cmake/Qt6WidgetsTools/Qt6WidgetsToolsTargets.cmake",
		"/usr/lib/x86_64-linux-gnu/cmake/Qt6WidgetsTools/Qt6WidgetsToolsTargets-none.cmake",
		"/usr/lib/x86_64-linux-gnu/cmake/Qt6WidgetsTools/Qt6WidgetsToolsAdditionalTargetInfo.cmake",
		"/usr/lib/x86_64-linux-gnu/cmake/Qt6WidgetsTools/Qt6WidgetsToolsVersionlessTargets.cmake",
		"/usr/lib/x86_64-linux-gnu/cmake/Qt6Widgets/Qt6WidgetsTargets.cmake",
		"/usr/lib/x86_64-linux-gnu/cmake/Qt6Widgets/Qt6WidgetsTargets-none.cmake",
		"/usr/lib/x86_64-linux-gnu/cmake/Qt6Widgets/Qt6WidgetsAdditionalTargetInfo.cmake",
		"/usr/lib/x86_64-linux-gnu/cmake/Qt6Widgets/Qt6WidgetsVersionlessTargets.cmake",
		"/usr/lib/x86_64-linux-gnu/cmake/Qt6Widgets/Qt6WidgetsMacros.cmake",
		"/usr/share/cmake-3.22/Modules/CMakeParseArguments.cmake",
		"/usr/lib/x86_64-linux-gnu/cmake/Qt6Core/Qt6CoreConfigVersion.cmake",
		"/usr/lib/x86_64-linux-gnu/cmake/Qt6Core/Qt6CoreConfigVersionImpl.cmake",
		"/usr/lib/x86_64-linux-gnu/cmake/Qt6Core/Qt6CoreConfig.cmake",
		"/usr/share/cmake-3.22/Modules/CMakeFindDependencyMacro.cmake",
		"/usr/lib/x86_64-linux-gnu/cmake/Qt6Core/Qt6CoreDependencies.cmake",
		"/usr/lib/x86_64-linux-gnu/cmake/Qt6/Qt6ConfigVersion.cmake",
		"/usr/lib/x86_64-linux-gnu/cmake/Qt6/Qt6ConfigVersionImpl.cmake",
		"/usr/lib/x86_64-linux-gnu/cmake/Qt6/Qt6Config.cmake",
		"/usr/lib/x86_64-linux-gnu/cmake/Qt6/Qt6ConfigExtras.cmake",
		"/usr/lib/x86_64-linux-gnu/cmake/Qt6/QtPublicCMakeVersionHelpers.cmake",
		"/usr/lib/x86_64-linux-gnu/cmake/Qt6/Qt6Targets.cmake",
		"/usr/lib/x86_64-linux-gnu/cmake/Qt6/Qt6VersionlessTargets.cmake",
		"/usr/lib/x86_64-linux-gnu/cmake/Qt6/QtFeature.cmake",
		"/usr/lib/x86_64-linux-gnu/cmake/Qt6/QtFeatureCommon.cmake",
		"/usr/share/cmake-3.22/Modules/CheckCXXCompilerFlag.cmake",
		"/usr/lib/x86_64-linux-gnu/cmake/Qt6/QtPublicFinalizerHelpers.cmake",
		"/usr/lib/x86_64-linux-gnu/cmake/Qt6/QtPublicPluginHelpers.cmake",
		"/usr/lib/x86_64-linux-gnu/cmake/Qt6/QtPublicTargetHelpers.cmake",
		"/usr/lib/x86_64-linux-gnu/cmake/Qt6/QtPublicWalkLibsHelpers.cmake",
		"/usr/lib/x86_64-linux-gnu/cmake/Qt6/QtPublicFindPackageHelpers.cmake",
		"/usr/lib/x86_64-linux-gnu/cmake/Qt6/QtPublicDependencyHelpers.cmake",
		"/usr/lib/x86_64-linux-gnu/cmake/Qt6/QtPublicCMakeHelpers.cmake",
		"/usr/share/cmake-3.22/Modules/CMakeFindDependencyMacro.cmake",
		"/usr/lib/x86_64-linux-gnu/cmake/Qt6/Qt6Dependencies.cmake",
		"/usr/share/cmake-3.22/Modules/FindThreads.cmake",
		"/usr/share/cmake-3.22/Modules/CheckLibraryExists.cmake",
		"/usr/share/cmake-3.22/Modules/CheckIncludeFile.cmake",
		"/usr/share/cmake-3.22/Modules/CheckCSourceCompiles.cmake",
		"/usr/share/cmake-3.22/Modules/FindPackageHandleStandardArgs.cmake",
		"/usr/share/cmake-3.22/Modules/FindPackageMessage.cmake",
		"/usr/lib/x86_64-linux-gnu/cmake/Qt6/FindWrapAtomic.cmake",
		"/usr/lib/x86_64-linux-gnu/cmake/Qt6CoreTools/Qt6CoreToolsConfigVersion.cmake",
		"/usr/lib/x86_64-linux-gnu/cmake/Qt6CoreTools/Qt6CoreToolsConfigVersionImpl.cmake",
		"/usr/lib/x86_64-linux-gnu/cmake/Qt6CoreTools/Qt6CoreToolsConfig.cmake",
		"/usr/share/cmake-3.22/Modules/CMakeFindDependencyMacro.cmake",
		"/usr/lib/x86_64-linux-gnu/cmake/Qt6CoreTools/Qt6CoreToolsDependencies.cmake",
		"/usr/lib/x86_64-linux-gnu/cmake/Qt6CoreTools/Qt6CoreToolsTargets.cmake",
		"/usr/lib/x86_64-linux-gnu/cmake/Qt6CoreTools/Qt6CoreToolsAdditionalTargetInfo.cmake",
		"/usr/lib/x86_64-linux-gnu/cmake/Qt6CoreTools/Qt6CoreToolsVersionlessTargets.cmake",
		"/usr/lib/x86_64-linux-gnu/cmake/Qt6Core/Qt6CoreTargets.cmake",
		"/usr/lib/x86_64-linux-gnu/cmake/Qt6Core/Qt6CoreAdditionalTargetInfo.cmake",
		"/usr/lib/x86_64-linux-gnu/cmake/Qt6Core/Qt6CoreVersionlessTargets.cmake",
		"/usr/lib/x86_64-linux-gnu/cmake/Qt6Core/Qt6CoreMacros.cmake",
		"/usr/share/cmake-3.22/Modules/CMakeParseArguments.cmake",
		"/usr/lib/x86_64-linux-gnu/cmake/Qt6Core/Qt6CoreConfigExtras.cmake",
		"/usr/lib/x86_64-linux-gnu/cmake/Qt6OpenGL/Qt6OpenGLConfigVersion.cmake",
		"/usr/lib/x86_64-linux-gnu/cmake/Qt6OpenGL/Qt6OpenGLConfigVersionImpl.cmake",
		"/usr/lib/x86_64-linux-gnu/cmake/Qt6OpenGL/Qt6OpenGLConfig.cmake",
		"/usr/share/cmake-3.22/Modules/CMakeFindDependencyMacro.cmake",
		"/usr/lib/x86_64-linux-gnu/cmake/Qt6OpenGL/Qt6OpenGLDependencies.cmake",
		"/usr/lib/x86_64-linux-gnu/cmake/Qt6/Qt6ConfigVersion.cmake",
		"/usr/lib/x86_64-linux-gnu/cmake/Qt6/Qt6ConfigVersionImpl.cmake",
		"/usr/lib/x86_64-linux-gnu/cmake/Qt6/Qt6Config.cmake",
		"/usr/lib/x86_64-linux-gnu/cmake/Qt6/Qt6ConfigExtras.cmake",
		"/usr/lib/x86_64-linux-gnu/cmake/Qt6/QtPublicCMakeVersionHelpers.cmake",
		"/usr/lib/x86_64-linux-gnu/cmake/Qt6/Qt6Targets.cmake",
		"/usr/lib/x86_64-linux-gnu/cmake/Qt6/Qt6VersionlessTargets.cmake",
		"/usr/lib/x86_64-linux-gnu/cmake/Qt6/QtFeature.cmake",
		"/usr/lib/x86_64-linux-gnu/cmake/Qt6/QtFeatureCommon.cmake",
		"/usr/share/cmake-3.22/Modules/CheckCXXCompilerFlag.cmake",
		"/usr/lib/x86_64-linux-gnu/cmake/Qt6/QtPublicFinalizerHelpers.cmake",
		"/usr/lib/x86_64-linux-gnu/cmake/Qt6/QtPublicPluginHelpers.cmake",
		"/usr/lib/x86_64-linux-gnu/cmake/Qt6/QtPublicTargetHelpers.cmake",
		"/usr/lib/x86_64-linux-gnu/cmake/Qt6/QtPublicWalkLibsHelpers.cmake",
		"/usr/lib/x86_64-linux-gnu/cmake/Qt6/QtPublicFindPackageHelpers.cmake",
		"/usr/lib/x86_64-linux-gnu/cmake/Qt6/QtPublicDependencyHelpers.cmake",
		"/usr/lib/x86_64-linux-gnu/cmake/Qt6/QtPublicCMakeHelpers.cmake",
		"/usr/share/cmake-3.22/Modules/CMakeFindDependencyMacro.cmake",
		"/usr/lib/x86_64-linux-gnu/cmake/Qt6/Qt6Dependencies.cmake",
		"/usr/share/cmake-3.22/Modules/FindThreads.cmake",
		"/usr/share/cmake-3.22/Modules/CheckLibraryExists.cmake",
		"/usr/share/cmake-3.22/Modules/CheckIncludeFile.cmake",
		"/usr/share/cmake-3.22/Modules/CheckCSourceCompiles.cmake",
		"/usr/share/cmake-3.22/Modules/FindPackageHandleStandardArgs.cmake",
		"/usr/share/cmake-3.22/Modules/FindPackageMessage.cmake",
		"/usr/lib/x86_64-linux-gnu/cmake/Qt6/FindWrapVulkanHeaders.cmake",
		"/usr/lib/x86_64-linux-gnu/cmake/Qt6OpenGL/Qt6OpenGLTargets.cmake",
		"/usr/lib/x86_64-linux-gnu/cmake/Qt6OpenGL/Qt6OpenGLTargets-none.cmake",
		"/usr/lib/x86_64-linux-gnu/cmake/Qt6OpenGL/Qt6OpenGLAdditionalTargetInfo.cmake",
		"/usr/lib/x86_64-linux-gnu/cmake/Qt6OpenGL/Qt6OpenGLVersionlessTargets.cmake",
		"/usr/lib/x86_64-linux-gnu/cmake/Qt6Xml/Qt6XmlConfigVersion.cmake",
		"/usr/lib/x86_64-linux-gnu/cmake/Qt6Xml/Qt6XmlConfigVersionImpl.cmake",
		"/usr/lib/x86_64-linux-gnu/cmake/Qt6Xml/Qt6XmlConfig.cmake",
		"/usr/share/cmake-3.22/Modules/CMakeFindDependencyMacro.cmake",
		"/usr/lib/x86_64-linux-gnu/cmake/Qt6Xml/Qt6XmlDependencies.cmake",
		"/usr/lib/x86_64-linux-gnu/cmake/Qt6/Qt6ConfigVersion.cmake",
		"/usr/lib/x86_64-linux-gnu/cmake/Qt6/Qt6ConfigVersionImpl.cmake",
		"/usr/lib/x86_64-linux-gnu/cmake/Qt6/Qt6Config.cmake",
		"/usr/lib/x86_64-linux-gnu/cmake/Qt6/Qt6ConfigExtras.cmake",
		"/usr/lib/x86_64-linux-gnu/cmake/Qt6/QtPublicCMakeVersionHelpers.cmake",
		"/usr/lib/x86_64-linux-gnu/cmake/Qt6/Qt6Targets.cmake",
		"/usr/lib/x86_64-linux-gnu/cmake/Qt6/Qt6VersionlessTargets.cmake",
		"/usr/lib/x86_64-linux-gnu/cmake/Qt6/QtFeature.cmake",
		"/usr/lib/x86_64-linux-gnu/cmake/Qt6/QtFeatureCommon.cmake",
		"/usr/share/cmake-3.22/Modules/CheckCXXCompilerFlag.cmake",
		"/usr/lib/x86_64-linux-gnu/cmake/Qt6/QtPublicFinalizerHelpers.cmake",
		"/usr/lib/x86_64-linux-gnu/cmake/Qt6/QtPublicPluginHelpers.cmake",
		"/usr/lib/x86_64-linux-gnu/cmake/Qt6/QtPublicTargetHelpers.cmake",
		"/usr/lib/x86_64-linux-gnu/cmake/Qt6/QtPublicWalkLibsHelpers.cmake",
		"/usr/lib/x86_64-linux-gnu/cmake/Qt6/QtPublicFindPackageHelpers.cmake",
		"/usr/lib/x86_64-linux-gnu/cmake/Qt6/QtPublicDependencyHelpers.cmake",
		"/usr/lib/x86_64-linux-gnu/cmake/Qt6/QtPublicCMakeHelpers.cmake",
		"/usr/share/cmake-3.22/Modules/CMakeFindDependencyMacro.cmake",
		"/usr/lib/x86_64-linux-gnu/cmake/Qt6/Qt6Dependencies.cmake",
		"/usr/share/cmake-3.22/Modules/FindThreads.cmake",
		"/usr/share/cmake-3.22/Modules/CheckLibraryExists.cmake",
		"/usr/share/cmake-3.22/Modules/CheckIncludeFile.cmake",
		"/usr/share/cmake-3.22/Modules/CheckCSourceCompiles.cmake",
		"/usr/share/cmake-3.22/Modules/FindPackageHandleStandardArgs.cmake",
		"/usr/share/cmake-3.22/Modules/FindPackageMessage.cmake",
		"/usr/lib/x86_64-linux-gnu/cmake/Qt6Xml/Qt6XmlTargets.cmake",
		"/usr/lib/x86_64-linux-gnu/cmake/Qt6Xml/Qt6XmlTargets-none.cmake",
		"/usr/lib/x86_64-linux-gnu/cmake/Qt6Xml/Qt6XmlAdditionalTargetInfo.cmake",
		"/usr/lib/x86_64-linux-gnu/cmake/Qt6Xml/Qt6XmlVersionlessTargets.cmake",
		"/usr/lib/x86_64-linux-gnu/cmake/Qt6Core/Qt6CoreConfigVersion.cmake",
		"/usr/lib/x86_64-linux-gnu/cmake/Qt6Core/Qt6CoreConfigVersionImpl.cmake",
		"/usr/lib/x86_64-linux-gnu/cmake/Qt6Core/Qt6CoreConfig.cmake",
		"/usr/share/cmake-3.22/Modules/CMakeFindDependencyMacro.cmake",
		"/usr/lib/x86_64-linux-gnu/cmake/Qt6Core/Qt6CoreDependencies.cmake",
		"/usr/lib/x86_64-linux-gnu/cmake/Qt6/Qt6ConfigVersion.cmake",
		"/usr/lib/x86_64-linux-gnu/cmake/Qt6/Qt6ConfigVersionImpl.cmake",
		"/usr/lib/x86_64-linux-gnu/cmake/Qt6/Qt6Config.cmake",
		"/usr/lib/x86_64-linux-gnu/cmake/Qt6/Qt6ConfigExtras.cmake",
		"/usr/lib/x86_64-linux-gnu/cmake/Qt6/QtPublicCMakeVersionHelpers.cmake",
		"/usr/lib/x86_64-linux-gnu/cmake/Qt6/Qt6Targets.cmake",
		"/usr/lib/x86_64-linux-gnu/cmake/Qt6/Qt6VersionlessTargets.cmake",
		"/usr/lib/x86_64-linux-gnu/cmake/Qt6/QtFeature.cmake",
		"/usr/lib/x86_64-linux-gnu/cmake/Qt6/QtFeatureCommon.cmake",
		"/usr/share/cmake-3.22/Modules/CheckCXXCompilerFlag.cmake",
		"/usr/lib/x86_64-linux-gnu/cmake/Qt6/QtPublicFinalizerHelpers.cmake",
		"/usr/lib/x86_64-linux-gnu/cmake/Qt6/QtPublicPluginHelpers.cmake",
		"/usr/lib/x86_64-linux-gnu/cmake/Qt6/QtPublicTargetHelpers.cmake",
		"/usr/lib/x86_64-linux-gnu/cmake/Qt6/QtPublicWalkLibsHelpers.cmake",
		"/usr/lib/x86_64-linux-gnu/cmake/Qt6/QtPublicFindPackageHelpers.cmake",
		"/usr/lib/x86_64-linux-gnu/cmake/Qt6/QtPublicDependencyHelpers.cmake",
		"/usr/lib/x86_64-linux-gnu/cmake/Qt6/QtPublicCMakeHelpers.cmake",
		"/usr/share/cmake-3.22/Modules/CMakeFindDependencyMacro.cmake",
		"/usr/lib/x86_64-linux-gnu/cmake/Qt6/Qt6Dependencies.cmake",
		"/usr/share/cmake-3.22/Modules/FindThreads.cmake",
		"/usr/share/cmake-3.22/Modules/CheckLibraryExists.cmake",
		"/usr/share/cmake-3.22/Modules/CheckIncludeFile.cmake",
		"/usr/share/cmake-3.22/Modules/CheckCSourceCompiles.cmake",
		"/usr/share/cmake-3.22/Modules/FindPackageHandleStandardArgs.cmake",
		"/usr/share/cmake-3.22/Modules/FindPackageMessage.cmake",
		"/usr/lib/x86_64-linux-gnu/cmake/Qt6/FindWrapAtomic.cmake",
		"/usr/lib/x86_64-linux-gnu/cmake/Qt6CoreTools/Qt6CoreToolsConfigVersion.cmake",
		"/usr/lib/x86_64-linux-gnu/cmake/Qt6CoreTools/Qt6CoreToolsConfigVersionImpl.cmake",
		"/usr/lib/x86_64-linux-gnu/cmake/Qt6CoreTools/Qt6CoreToolsConfig.cmake",
		"/usr/share/cmake-3.22/Modules/CMakeFindDependencyMacro.cmake",
		"/usr/lib/x86_64-linux-gnu/cmake/Qt6CoreTools/Qt6CoreToolsDependencies.cmake",
		"/usr/lib/x86_64-linux-gnu/cmake/Qt6CoreTools/Qt6CoreToolsTargets.cmake",
		"/usr/lib/x86_64-linux-gnu/cmake/Qt6CoreTools/Qt6CoreToolsAdditionalTargetInfo.cmake",
		"/usr/lib/x86_64-linux-gnu/cmake/Qt6CoreTools/Qt6CoreToolsVersionlessTargets.cmake",
		"/usr/lib/x86_64-linux-gnu/cmake/Qt6Core/Qt6CoreTargets.cmake",
		"/usr/lib/x86_64-linux-gnu/cmake/Qt6Core/Qt6CoreAdditionalTargetInfo.cmake",
		"/usr/lib/x86_64-linux-gnu/cmake/Qt6Core/Qt6CoreVersionlessTargets.cmake",
		"/usr/lib/x86_64-linux-gnu/cmake/Qt6Core/Qt6CoreMacros.cmake",
		"/usr/share/cmake-3.22/Modules/CMakeParseArguments.cmake",
		"/usr/lib/x86_64-linux-gnu/cmake/Qt6Core/Qt6CoreConfigExtras.cmake",
		"/usr/lib/x86_64-linux-gnu/cmake/Qt6Widgets/Qt6WidgetsConfigVersion.cmake",
		"/usr/lib/x86_64-linux-gnu/cmake/Qt6Widgets/Qt6WidgetsConfigVersionImpl.cmake",
		"/usr/lib/x86_64-linux-gnu/cmake/Qt6Widgets/Qt6WidgetsConfig.cmake",
		"/usr/share/cmake-3.22/Modules/CMakeFindDependencyMacro.cmake",
		"/usr/lib/x86_64-linux-gnu/cmake/Qt6Widgets/Qt6WidgetsDependencies.cmake",
		"/usr/lib/x86_64-linux-gnu/cmake/Qt6/Qt6ConfigVersion.cmake",
		"/usr/lib/x86_64-linux-gnu/cmake/Qt6/Qt6ConfigVersionImpl.cmake",
		"/usr/lib/x86_64-linux-gnu/cmake/Qt6/Qt6Config.cmake",
		"/usr/lib/x86_64-linux-gnu/cmake/Qt6/Qt6ConfigExtras.cmake",
		"/usr/lib/x86_64-linux-gnu/cmake/Qt6/QtPublicCMakeVersionHelpers.cmake",
		"/usr/lib/x86_64-linux-gnu/cmake/Qt6/Qt6Targets.cmake",
		"/usr/lib/x86_64-linux-gnu/cmake/Qt6/Qt6VersionlessTargets.cmake",
		"/usr/lib/x86_64-linux-gnu/cmake/Qt6/QtFeature.cmake",
		"/usr/lib/x86_64-linux-gnu/cmake/Qt6/QtFeatureCommon.cmake",
		"/usr/share/cmake-3.22/Modules/CheckCXXCompilerFlag.cmake",
		"/usr/lib/x86_64-linux-gnu/cmake/Qt6/QtPublicFinalizerHelpers.cmake",
		"/usr/lib/x86_64-linux-gnu/cmake/Qt6/QtPublicPluginHelpers.cmake",
		"/usr/lib/x86_64-linux-gnu/cmake/Qt6/QtPublicTargetHelpers.cmake",
		"/usr/lib/x86_64-linux-gnu/cmake/Qt6/QtPublicWalkLibsHelpers.cmake",
		"/usr/lib/x86_64-linux-gnu/cmake/Qt6/QtPublicFindPackageHelpers.cmake",
		"/usr/lib/x86_64-linux-gnu/cmake/Qt6/QtPublicDependencyHelpers.cmake",
		"/usr/lib/x86_64-linux-gnu/cmake/Qt6/QtPublicCMakeHelpers.cmake",
		"/usr/share/cmake-3.22/Modules/CMakeFindDependencyMacro.cmake",
		"/usr/lib/x86_64-linux-gnu/cmake/Qt6/Qt6Dependencies.cmake",
		"/usr/share/cmake-3.22/Modules/FindThreads.cmake",
		"/usr/share/cmake-3.22/Modules/CheckLibraryExists.cmake",
		"/usr/share/cmake-3.22/Modules/CheckIncludeFile.cmake",
		"/usr/share/cmake-3.22/Modules/CheckCSourceCompiles.cmake",
		"/usr/share/cmake-3.22/Modules/FindPackageHandleStandardArgs.cmake",
		"/usr/share/cmake-3.22/Modules/FindPackageMessage.cmake",
		"/usr/lib/x86_64-linux-gnu/cmake/Qt6WidgetsTools/Qt6WidgetsToolsConfigVersion.cmake",
		"/usr/lib/x86_64-linux-gnu/cmake/Qt6WidgetsTools/Qt6WidgetsToolsConfigVersionImpl.cmake",
		"/usr/lib/x86_64-linux-gnu/cmake/Qt6WidgetsTools/Qt6WidgetsToolsConfig.cmake",
		"/usr/share/cmake-3.22/Modules/CMakeFindDependencyMacro.cmake",
		"/usr/lib/x86_64-linux-gnu/cmake/Qt6WidgetsTools/Qt6WidgetsToolsDependencies.cmake",
		"/usr/lib/x86_64-linux-gnu/cmake/Qt6WidgetsTools/Qt6WidgetsToolsTargets.cmake",
		"/usr/lib/x86_64-linux-gnu/cmake/Qt6WidgetsTools/Qt6WidgetsToolsAdditionalTargetInfo.cmake",
		"/usr/lib/x86_64-linux-gnu/cmake/Qt6WidgetsTools/Qt6WidgetsToolsVersionlessTargets.cmake",
		"/usr/lib/x86_64-linux-gnu/cmake/Qt6Widgets/Qt6WidgetsTargets.cmake",
		"/usr/lib/x86_64-linux-gnu/cmake/Qt6Widgets/Qt6WidgetsAdditionalTargetInfo.cmake",
		"/usr/lib/x86_64-linux-gnu/cmake/Qt6Widgets/Qt6WidgetsVersionlessTargets.cmake",
		"/usr/lib/x86_64-linux-gnu/cmake/Qt6Widgets/Qt6WidgetsMacros.cmake",
		"/usr/share/cmake-3.22/Modules/CMakeParseArguments.cmake",
		"/usr/lib/x86_64-linux-gnu/cmake/Qt6StateMachine/Qt6StateMachineConfigVersion.cmake",
		"/usr/lib/x86_64-linux-gnu/cmake/Qt6StateMachine/Qt6StateMachineConfigVersionImpl.cmake",
		"/usr/lib/x86_64-linux-gnu/cmake/Qt6StateMachine/Qt6StateMachineConfig.cmake",
		"/usr/share/cmake-3.22/Modules/CMakeFindDependencyMacro.cmake",
		"/usr/lib/x86_64-linux-gnu/cmake/Qt6StateMachine/Qt6StateMachineDependencies.cmake",
		"/usr/lib/x86_64-linux-gnu/cmake/Qt6/Qt6ConfigVersion.cmake",
		"/usr/lib/x86_64-linux-gnu/cmake/Qt6/Qt6ConfigVersionImpl.cmake",
		"/usr/lib/x86_64-linux-gnu/cmake/Qt6/Qt6Config.cmake",
		"/usr/lib/x86_64-linux-gnu/cmake/Qt6/Qt6ConfigExtras.cmake",
		"/usr/lib/x86_64-linux-gnu/cmake/Qt6/QtPublicCMakeVersionHelpers.cmake",
		"/usr/lib/x86_64-linux-gnu/cmake/Qt6/Qt6Targets.cmake",
		"/usr/lib/x86_64-linux-gnu/cmake/Qt6/Qt6VersionlessTargets.cmake",
		"/usr/lib/x86_64-linux-gnu/cmake/Qt6/QtFeature.cmake",
		"/usr/lib/x86_64-linux-gnu/cmake/Qt6/QtFeatureCommon.cmake",
		"/usr/share/cmake-3.22/Modules/CheckCXXCompilerFlag.cmake",
		"/usr/lib/x86_64-linux-gnu/cmake/Qt6/QtPublicFinalizerHelpers.cmake",
		"/usr/lib/x86_64-linux-gnu/cmake/Qt6/QtPublicPluginHelpers.cmake",
		"/usr/lib/x86_64-linux-gnu/cmake/Qt6/QtPublicTargetHelpers.cmake",
		"/usr/lib/x86_64-linux-gnu/cmake/Qt6/QtPublicWalkLibsHelpers.cmake",
		"/usr/lib/x86_64-linux-gnu/cmake/Qt6/QtPublicFindPackageHelpers.cmake",
		"/usr/lib/x86_64-linux-gnu/cmake/Qt6/QtPublicDependencyHelpers.cmake",
		"/usr/lib/x86_64-linux-gnu/cmake/Qt6/QtPublicCMakeHelpers.cmake",
		"/usr/share/cmake-3.22/Modules/CMakeFindDependencyMacro.cmake",
		"/usr/lib/x86_64-linux-gnu/cmake/Qt6/Qt6Dependencies.cmake",
		"/usr/share/cmake-3.22/Modules/FindThreads.cmake",
		"/usr/share/cmake-3.22/Modules/CheckLibraryExists.cmake",
		"/usr/share/cmake-3.22/Modules/CheckIncludeFile.cmake",
		"/usr/share/cmake-3.22/Modules/CheckCSourceCompiles.cmake",
		"/usr/share/cmake-3.22/Modules/FindPackageHandleStandardArgs.cmake",
		"/usr/share/cmake-3.22/Modules/FindPackageMessage.cmake",
		"/usr/lib/x86_64-linux-gnu/cmake/Qt6StateMachine/Qt6StateMachineTargets.cmake",
		"/usr/lib/x86_64-linux-gnu/cmake/Qt6StateMachine/Qt6StateMachineTargets-none.cmake",
		"/usr/lib/x86_64-linux-gnu/cmake/Qt6StateMachine/Qt6StateMachineAdditionalTargetInfo.cmake",
		"/usr/lib/x86_64-linux-gnu/cmake/Qt6StateMachine/Qt6StateMachineVersionlessTargets.cmake",
		"/home/usuario/robocomp/components/P1Grupo6/Practica3/obs_person_tracker/src/CMakeListsSpecific.txt",
		"/home/robocomp/robocomp/cmake/modules/opencv4.cmake",
		"/usr/lib/x86_64-linux-gnu/cmake/opencv4/OpenCVConfig-version.cmake",
		"/usr/lib/x86_64-linux-gnu/cmake/opencv4/OpenCVConfig.cmake",
		"/usr/share/cmake-3.22/Modules/FindPackageHandleStandardArgs.cmake",
		"/usr/share/cmake-3.22/Modules/FindPackageMessage.cmake",
		"/usr/lib/x86_64-linux-gnu/cmake/opencv4/OpenCVModules.cmake",
		"/usr/lib/x86_64-linux-gnu/cmake/opencv4/OpenCVModules-release.cmake",
		"/usr/lib/x86_64-linux-gnu/cmake/mlpack/mlpack-config-version.cmake",
		"/usr/lib/x86_64-linux-gnu/cmake/mlpack/mlpack-config.cmake",
		"/usr/lib/x86_64-linux-gnu/cmake/mlpack/mlpack-targets.cmake",
		"/usr/lib/x86_64-linux-gnu/cmake/mlpack/mlpack-targets-none.cmake",
		"/usr/share/cmake-3.22/Modules/FindIce.cmake",
		"/usr/share/cmake-3.22/Modules/SelectLibraryConfigurations.cmake",
		"/usr/share/cmake-3.22/Modules/SelectLibraryConfigurations.cmake",
		"/usr/share/cmake-3.22/Modules/FindPackageHandleStandardArgs.cmake",
		"/usr/share/cmake-3.22/Modules/FindPackageMessage.cmake",
		"/usr/share/cmake-3.22/Modules/FindThreads.cmake",
		"/usr/share/cmake-3.22/Modules/CheckLibraryExists.cmake",
		"/usr/share/cmake-3.22/Modules/CheckIncludeFile.cmake",
		"/usr/share/cmake-3.22/Modules/CheckCSourceCompiles.cmake",
		"/usr/share/cmake-3.22/Modules/FindPackageHandleStandardArgs.cmake",
		"/usr/share/cmake-3.22/Modules/FindPackageMessage.cmake",
		"/usr/share/cmake-3.22/Modules/FindIce.cmake",
		"/usr/share/cmake-3.22/Modules/SelectLibraryConfigurations.cmake",
		"/usr/share/cmake-3.22/Modules/SelectLibraryConfigurations.cmake",
		"/usr/share/cmake-3.22/Modules/SelectLibraryConfigurations.cmake",
		"/usr/share/cmake-3.22/Modules/FindPackageHandleStandardArgs.cmake",
		"/usr/share/cmake-3.22/Modules/FindPackageMessage.cmake"
	],
	"CMAKE_SOURCE_DIR" : "/home/usuario/robocomp_ws/src/robocomp/components/P1Grupo6/Practica3/obs_person_tracker",
	"DEP_FILE" : "",
	"DEP_FILE_RULE_NAME" : "",
	"HEADERS" : 
	[
		[
			"/home/robocomp/robocomp/classes/abstract_graphic_viewer/abstract_graphic_viewer.h",
			"MU",
			"AF5EVGCUJC/moc_abstract_graphic_viewer.cpp",
			null
		],
		[
			"/home/robocomp/robocomp/classes/grafcetStep/GRAFCETStep.h",
			"MU",
			"WJD4WNSKOL/moc_GRAFCETStep.cpp",
			null
		],
		[
			"/home/robocomp/robocomp/classes/qlog/qlog.h",
			"MU",
			"REUAXSVL7F/moc_qlog.cpp",
			null
		],
		[
			"/home/robocomp/robocomp/classes/rapplication/rapplication.h",
			"MU",
			"2NKKL3WBBN/moc_rapplication.cpp",
			null
		],
		[
			"/home/robocomp/robocomp/classes/sigwatch/sigwatch.h",
			"MU",
			"N4WA3CPOWS/moc_sigwatch.cpp",
			null
		],
		[
			"/home/usuario/robocomp/components/P1Grupo6/Practica3/obs_person_tracker/src/commonbehaviorI.h",
			"MU",
			"EWIEGA46WW/moc_commonbehaviorI.cpp",
			null
		],
		[
			"/home/usuario/robocomp/components/P1Grupo6/Practica3/obs_person_tracker/src/dbscan.h",
			"MU",
			"EWIEGA46WW/moc_dbscan.cpp",
			null
		],
		[
			"/home/usuario/robocomp/components/P1Grupo6/Practica3/obs_person_tracker/src/genericmonitor.h",
			"MU",
			"EWIEGA46WW/moc_genericmonitor.cpp",
			null
		],
		[
			"/home/usuario/robocomp/components/P1Grupo6/Practica3/obs_person_tracker/src/genericworker.h",
			"MU",
			"EWIEGA46WW/moc_genericworker.cpp",
			null
		],
		[
			"/home/usuario/robocomp/components/P1Grupo6/Practica3/obs_person_tracker/src/room.h",
			"MU",
			"EWIEGA46WW/moc_room.cpp",
			null
		],
		[
			"/home/usuario/robocomp/components/P1Grupo6/Practica3/obs_person_tracker/src/room_detector.h",
			"MU",
			"EWIEGA46WW/moc_room_detector.cpp",
			null
		],
		[
			"/home/usuario/robocomp/components/P1Grupo6/Practica3/obs_person_tracker/src/specificmonitor.h",
			"MU",
			"EWIEGA46WW/moc_specificmonitor.cpp",
			null
		],
		[
			"/home/usuario/robocomp/components/P1Grupo6/Practica3/obs_person_tracker/src/specificworker.h",
			"MU",
			"EWIEGA46WW/moc_specificworker.cpp",
			null
		],
		[
			"/home/usuario/robocomp/components/P1Grupo6/Practica3/obs_person_tracker/src/visualelementspubI.h",
			"MU",
			"EWIEGA46WW/moc_visualelementspubI.cpp",
			null
		]
	],
	"HEADER_EXTENSIONS" : [ "h", "hh", "h++", "hm", "hpp", "hxx", "in", "txx" ],
	"INCLUDE_DIR" : "/home/usuario/robocomp/components/P1Grupo6/Practica3/obs_person_tracker/src/obs_person_tracker_autogen/include",
	"MOC_COMPILATION_FILE" : "/home/usuario/robocomp/components/P1Grupo6/Practica3/obs_person_tracker/src/obs_person_tracker_autogen/mocs_compilation.cpp",
	"MOC_DEFINITIONS" : 
	[
		"ICE_CPP11_MAPPING",
		"QT_CORE_LIB",
		"QT_GUI_LIB",
		"QT_NO_DEBUG",
		"QT_OPENGL_LIB",
		"QT_STATEMACHINE_LIB",
		"QT_WIDGETS_LIB",
		"QT_XML_LIB"
	],
	"MOC_DEPEND_FILTERS" : 
	[
		[
			"Q_PLUGIN_METADATA",
			"[\n][ \t]*Q_PLUGIN_METADATA[ \t]*\\([^\\)]*FILE[ \t]*\"([^\"]+)\""
		]
	],
	"MOC_INCLUDES" : 
	[
		"/home/usuario/robocomp/components/P1Grupo6/Practica3/obs_person_tracker/src",
		"/home/usuario/robocomp/components/P1Grupo6/Practica3/obs_person_tracker/src",
		"/opt/robocomp/include",
		"/classes",
		"/home/usuario/robocomp/components/P1Grupo6/Practica3/obs_person_tracker",
		"/home/robocomp/robocomp/classes",
		"/home/robocomp/robocomp/libs",
		"/home/robocomp/robocomp/interfaces",
		"/include",
		"/usr/include/opencv4",
		"/usr/include/x86_64-linux-gnu/qt6/QtGui",
		"/usr/include/x86_64-linux-gnu/qt6",
		"/usr/include/x86_64-linux-gnu/qt6/QtCore",
		"/usr/lib/x86_64-linux-gnu/qt6/mkspecs/linux-g++",
		"/usr/include/x86_64-linux-gnu/qt6/QtWidgets",
		"/usr/include/x86_64-linux-gnu/qt6/QtOpenGL",
		"/usr/include/x86_64-linux-gnu/qt6/QtXml",
		"/usr/include/x86_64-linux-gnu/qt6/QtStateMachine",
		"/usr/include",
		"/usr/include/c++/12",
		"/usr/include/x86_64-linux-gnu/c++/12",
		"/usr/include/c++/12/backward",
		"/usr/lib/gcc/x86_64-linux-gnu/12/include",
		"/usr/local/include",
		"/usr/include/x86_64-linux-gnu"
	],
	"MOC_MACRO_NAMES" : [ "Q_OBJECT", "Q_GADGET", "Q_NAMESPACE", "Q_NAMESPACE_EXPORT" ],
	"MOC_OPTIONS" : [],
	"MOC_PATH_PREFIX" : false,
	"MOC_PREDEFS_CMD" : 
	[
		"/usr/bin/c++",
		"-dM",
		"-E",
		"-c",
		"/usr/share/cmake-3.22/Modules/CMakeCXXCompilerABI.cpp"
	],
	"MOC_PREDEFS_FILE" : "/home/usuario/robocomp/components/P1Grupo6/Practica3/obs_person_tracker/src/obs_person_tracker_autogen/moc_predefs.h",
	"MOC_RELAXED_MODE" : false,
	"MOC_SKIP" : 
	[
		"/home/usuario/robocomp/components/P1Grupo6/Practica3/obs_person_tracker/src/Camera360RGB.cpp",
		"/home/usuario/robocomp/components/P1Grupo6/Practica3/obs_person_tracker/src/CommonBehavior.cpp",
		"/home/usuario/robocomp/components/P1Grupo6/Practica3/obs_person_tracker/src/GenericBase.cpp",
		"/home/usuario/robocomp/components/P1Grupo6/Practica3/obs_person_tracker/src/Lidar3D.cpp",
		"/home/usuario/robocomp/components/P1Grupo6/Practica3/obs_person_tracker/src/OmniRobot.cpp",
		"/home/usuario/robocomp/components/P1Grupo6/Practica3/obs_person_tracker/src/VisualElementsPub.cpp",
		"/home/usuario/robocomp/components/P1Grupo6/Practica3/obs_person_tracker/src/ui_mainUI.h"
	],
	"MULTI_CONFIG" : false,
	"PARALLEL" : 8,
	"PARSE_CACHE_FILE" : "/home/usuario/robocomp/components/P1Grupo6/Practica3/obs_person_tracker/src/CMakeFiles/obs_person_tracker_autogen.dir/ParseCache.txt",
	"QT_MOC_EXECUTABLE" : "/usr/lib/qt6/libexec/moc",
	"QT_UIC_EXECUTABLE" : "/usr/lib/qt6/libexec/uic",
	"QT_VERSION_MAJOR" : 6,
	"QT_VERSION_MINOR" : 2,
	"SETTINGS_FILE" : "/home/usuario/robocomp/components/P1Grupo6/Practica3/obs_person_tracker/src/CMakeFiles/obs_person_tracker_autogen.dir/AutogenUsed.txt",
	"SOURCES" : 
	[
		[
			"/home/robocomp/robocomp/classes/abstract_graphic_viewer/abstract_graphic_viewer.cpp",
			"MU",
			null
		],
		[
			"/home/robocomp/robocomp/classes/grafcetStep/GRAFCETStep.cpp",
			"MU",
			null
		],
		[ "/home/robocomp/robocomp/classes/qlog/qlog.cpp", "MU", null ],
		[
			"/home/robocomp/robocomp/classes/rapplication/rapplication.cpp",
			"MU",
			null
		],
		[ "/home/robocomp/robocomp/classes/sigwatch/sigwatch.cpp", "MU", null ],
		[
			"/home/usuario/robocomp/components/P1Grupo6/Practica3/obs_person_tracker/src/commonbehaviorI.cpp",
			"MU",
			null
		],
		[
			"/home/usuario/robocomp/components/P1Grupo6/Practica3/obs_person_tracker/src/dbscan.cpp",
			"MU",
			null
		],
		[
			"/home/usuario/robocomp/components/P1Grupo6/Practica3/obs_person_tracker/src/genericmonitor.cpp",
			"MU",
			null
		],
		[
			"/home/usuario/robocomp/components/P1Grupo6/Practica3/obs_person_tracker/src/genericworker.cpp",
			"MU",
			null
		],
		[
			"/home/usuario/robocomp/components/P1Grupo6/Practica3/obs_person_tracker/src/main.cpp",
			"MU",
			null
		],
		[
			"/home/usuario/robocomp/components/P1Grupo6/Practica3/obs_person_tracker/src/room.cpp",
			"MU",
			null
		],
		[
			"/home/usuario/robocomp/components/P1Grupo6/Practica3/obs_person_tracker/src/room_detector.cpp",
			"MU",
			null
		],
		[
			"/home/usuario/robocomp/components/P1Grupo6/Practica3/obs_person_tracker/src/specificmonitor.cpp",
			"MU",
			null
		],
		[
			"/home/usuario/robocomp/components/P1Grupo6/Practica3/obs_person_tracker/src/specificworker.cpp",
			"MU",
			null
		],
		[
			"/home/usuario/robocomp/components/P1Grupo6/Practica3/obs_person_tracker/src/visualelementspubI.cpp",
			"MU",
			null
		]
	],
	"UIC_OPTIONS" : [],
	"UIC_SEARCH_PATHS" : [],
	"UIC_SKIP" : 
	[
		"/home/usuario/robocomp/components/P1Grupo6/Practica3/obs_person_tracker/src/Camera360RGB.cpp",
		"/home/usuario/robocomp/components/P1Grupo6/Practica3/obs_person_tracker/src/CommonBehavior.cpp",
		"/home/usuario/robocomp/components/P1Grupo6/Practica3/obs_person_tracker/src/GenericBase.cpp",
		"/home/usuario/robocomp/components/P1Grupo6/Practica3/obs_person_tracker/src/Lidar3D.cpp",
		"/home/usuario/robocomp/components/P1Grupo6/Practica3/obs_person_tracker/src/OmniRobot.cpp",
		"/home/usuario/robocomp/components/P1Grupo6/Practica3/obs_person_tracker/src/VisualElementsPub.cpp",
		"/home/usuario/robocomp/components/P1Grupo6/Practica3/obs_person_tracker/src/mainUI.ui",
		"/home/usuario/robocomp/components/P1Grupo6/Practica3/obs_person_tracker/src/ui_mainUI.h"
	],
	"UIC_UI_FILES" : [],
	"VERBOSITY" : 0
}
